1,Gibb Le Breton,Asheville,NC,828-351-1300
2,Moselle Sharrier,Pittsburgh,PA,412-724-6119
3,Harmon Tantrum,Seattle,WA,253-556-6257
4,Annora Zanolli,Riverside,CA,951-319-1346
5,Bernadette Frichley,Baltimore,MD,410-618-6678
6,Rivalee Paxman,Washington,DC,202-234-3588
7,Augustin Lantaph,Hartford,CT,860-984-2174
8,Madeleine Cisneros,Corona,CA,626-205-6497
9,Merle Barneveld,Englewood,CO,303-788-4621
10,Arney Allden,Wichita Falls,TX,940-443-1615
11,Clea Josefovic,Brockton,MA,508-763-6779
12,Thorstein Ruse,Memphis,TN,901-998-0477
13,Silas McCreedy,Fort Lauderdale,FL,954-663-6045
14,Gualterio Dogerty,Arvada,CO,720-331-2389
15,Mamie McSperron,Carlsbad,CA,760-870-5276
16,Darin Klyn,Miami,FL,305-378-5899
17,Amelina Wickman,Beaverton,OR,503-898-9822
18,Rosabella Stienham,Saint Louis,MO,314-717-3191
19,Sallyanne Scriviner,San Antonio,TX,830-794-8800
20,Thornton Abelov,Oakland,CA,415-879-8340
21,Gardy Duckhouse,Jamaica,NY,718-918-5023
22,Hermann Tatton,Warren,MI,586-609-6762
23,Tedman Wathey,Shreveport,LA,318-977-9152
24,Pippy Delatour,Sacramento,CA,916-572-0558
25,Cam Melhuish,Santa Monica,CA,310-119-2733
26,Kirbee Giblin,Tallahassee,FL,850-950-9080
27,Meredith Sagg,Tulsa,OK,918-998-5569
28,Kienan Kleynen,Paterson,NJ,862-548-2375
29,Enrica Sealeaf,Raleigh,NC,919-531-4188
30,Hans Dowson,Santa Ana,CA,714-917-2200
31,Katherina Russi,Houston,TX,713-886-3180
32,August Stapford,Pittsburgh,PA,412-562-7132
33,Holli Florio,Atlanta,GA,404-579-9347
34,Calvin Pockey,Dallas,TX,214-450-3065
35,Olivette Percival,Frankfort,KY,502-922-6462
36,Petunia Lambdean,Pittsburgh,PA,412-872-9669
37,Pier Coate,Sarasota,FL,941-954-3565
38,Quinta Couve,Springfield,IL,217-410-9786
39,Geri Cox,West Hartford,CT,860-766-0057
40,Humbert Boschmann,Washington,DC,202-121-2841
41,Lulita Steckings,Jamaica,NY,212-129-9616
42,Humphrey Pittock,Brooklyn,NY,718-321-8305
43,Hephzibah Larkings,Saint Louis,MO,314-172-4543
44,Jany Sperrett,Omaha,NE,402-455-1349
45,Mel Posnette,Richmond,VA,804-331-9006
46,Carolann Rowthorne,Pasadena,CA,626-598-4647
47,Janie Bane,Des Moines,IA,641-763-2960
48,Herculie Goble,Nashville,TN,615-341-1672
49,Theodosia Jammes,Wichita Falls,TX,940-314-9951
50,Wilden Wagerfield,Fort Lauderdale,FL,954-224-1224
51,Link Goldie,Fairbanks,AK,907-846-9197
52,Yasmin Brownsell,San Jose,CA,408-943-3648
53,Bealle Gori,Orlando,FL,407-234-9361
54,Clement Moxted,Saint Paul,MN,651-129-1907
55,Emilie Denizet,Salt Lake City,UT,801-208-8833
56,Haley Selborne,Ocala,FL,352-267-5410
57,Frederik Potell,Clearwater,FL,813-546-1147
58,Pansie Belt,New York City,NY,212-890-9796
59,Keary Issatt,Largo,FL,727-144-3565
60,Bell Chappelow,Marietta,GA,770-877-6523
61,Kayle Pamment,Raleigh,NC,919-627-7392
62,Frederick Hathway,Pasadena,CA,626-656-1693
63,Jecho Kimmitt,Dallas,TX,972-179-1798
64,Prudence Pecht,Philadelphia,PA,215-500-4918
65,Maurice Fraczek,Philadelphia,PA,215-295-8614
66,Wilden Collelton,Memphis,TN,901-384-9103
67,Horatia Bault,Albuquerque,NM,505-915-3268
68,Lanae Bossingham,Boston,MA,978-591-9829
69,Glori Janman,Denver,CO,303-382-4982
70,Kahlil Folland,Pittsburgh,PA,412-879-3677
71,Lek McShane,Troy,MI,248-269-9140
72,Rosabella Doswell,Toledo,OH,419-901-0502
73,Gavrielle Sparshutt,Lynchburg,VA,434-117-4880
74,Ree Hearnes,Charlotte,NC,704-297-7769
75,Clementia Mix,San Jose,CA,408-247-8990
76,Saunder Friskey,Nashville,TN,615-994-6634
77,Georgie O'Lennane,Tulsa,OK,918-968-2641
78,Cece Clampin,Greensboro,NC,336-989-6109
79,Bobbye Canlin,Indianapolis,IN,317-729-6694
80,Lanny Grinnell,Charlotte,NC,704-736-4270
81,Dewain Munns,Long Beach,CA,562-528-9286
82,Aaron McClifferty,Charlotte,NC,704-288-7563
83,Elsie Strainge,Orlando,FL,407-978-2178
84,Latisha Greave,Milwaukee,WI,414-225-5048
85,Nial Bloggett,Jefferson City,MO,573-986-4675
86,Glennie Lardeur,Worcester,MA,508-448-1392
87,Jacob Julien,Littleton,CO,303-468-8205
88,Gwyneth Athelstan,Chicago,IL,312-841-7805
89,Fabian Lowre,Saint Paul,MN,651-497-7536
90,Dyann Saladine,Naples,FL,239-992-0117
91,Stearn Warton,Reno,NV,775-462-8418
92,Gwendolyn Westnedge,Cincinnati,OH,513-276-4506
93,Kaye Coan,Little Rock,AR,501-700-4125
94,Shepperd Wonham,New York City,NY,212-470-4387
95,Nate Bowkett,Hagerstown,MD,240-608-3947
96,Jared Frowde,Oakland,CA,510-611-6325
97,Westleigh Ralling,Cleveland,OH,216-733-3345
98,Aylmer Congreave,Flint,MI,810-660-6909
99,Lee Blincowe,Washington,DC,202-568-8974
100,Rora Clutterham,Jamaica,NY,516-921-0330
101,Almeda Gimenez,Savannah,GA,912-535-6323
102,Tybi Morman,Indianapolis,IN,317-491-4296
103,Berny Filipczynski,El Paso,TX,915-376-1525
104,Crysta Rymour,Sarasota,FL,941-189-0426
105,Flossy Riquet,Peoria,IL,309-765-9978
106,Nikolaus Baptiste,San Antonio,TX,210-175-4329
107,Bard Roman,Trenton,NJ,609-572-8536
108,Noak Gonnelly,Tucson,AZ,520-925-1318
109,Shannon Hodcroft,Mountain View,CA,650-236-9766
110,Ida Askew,Sparks,NV,775-267-4577
111,Robbin Sansum,North Port,FL,941-793-2111
112,Mordecai Cartin,Pompano Beach,FL,561-747-6655
113,Florri Eliasson,New Orleans,LA,504-716-7974
114,Gertie Jephcote,Charlotte,NC,704-608-7458
115,Marmaduke France,Lubbock,TX,806-911-5691
116,Harriot Philott,North Little Rock,AR,501-536-8975
117,Royce Peck,Fort Lauderdale,FL,954-814-3834
118,Grethel Jamson,Hayward,CA,415-657-3920
119,Ester Kingswell,Metairie,LA,504-735-0412
120,Merridie Billanie,Houston,TX,713-665-4667
121,Wanda Delagua,Tucson,AZ,520-372-1031
122,Agnese Parfrey,Van Nuys,CA,213-735-3747
123,Gusella Lidgley,Pensacola,FL,850-722-3816
124,Cherice Baugham,Washington,DC,202-593-8540
125,Debby Mealing,El Paso,TX,915-899-6514
126,Vernor Hovenden,Miami,FL,954-282-4178
127,Norris Drust,Lexington,KY,859-554-6267
128,Adan Rivenzon,Columbus,OH,740-173-6094
129,Anestassia Ladson,Redwood City,CA,650-255-8582
130,Janka McMeekan,Kansas City,MO,816-824-5772
131,Roseline Dimitriev,Jacksonville,FL,904-845-0984
132,Florrie Towe,San Diego,CA,619-181-4427
133,Ellen O' Quirk,Oxnard,CA,805-751-3646
134,Portia Mickleborough,Spokane,WA,509-402-2936
135,Madge Mara,Greensboro,NC,336-119-1193
136,Alane Aslie,Washington,DC,202-423-7777
137,Omero Lailey,Birmingham,AL,205-432-1960
138,Solomon Mallebone,Tempe,AZ,602-663-9029
139,Rancell Bellocht,Shawnee Mission,KS,913-279-9696
140,Donna Yuranovev,Denver,CO,303-475-3797
141,Lynett Fitzackerley,Garden Grove,CA,714-374-5967
142,Jehu L'Hommeau,New Haven,CT,203-451-3666
143,Curry Filliskirk,Bethesda,MD,301-118-3849
144,Leelah Kemetz,Jamaica,NY,212-376-2295
145,Bernice Ellesworth,Green Bay,WI,920-639-0182
146,Agustin Rollins,Oakland,CA,510-732-5237
147,Hilly Croix,Sunnyvale,CA,650-797-8546
148,Eldredge O'Sherrin,Tampa,FL,813-759-9904
149,Julianne Swallow,Corpus Christi,TX,361-607-5982
150,Bradly Khan,Salt Lake City,UT,801-545-3982
151,Gardie Gookey,Spokane,WA,509-773-6112
152,Johna Ching,Charlotte,NC,704-200-7913
153,Shayna Echlin,Trenton,NJ,609-810-1297
154,Marcelle Stallan,Young America,MN,952-328-4104
155,Constantin Wetherick,Birmingham,AL,205-580-2914
156,Warde Sharville,Los Angeles,CA,323-691-2137
157,Cornell Robertsen,Huntington,WV,304-509-0097
158,Seymour Hamberston,Baltimore,MD,410-102-3278
159,Frederico Fernandez,Trenton,NJ,609-403-3202
160,Benjy McCosker,Portsmouth,NH,603-945-1002
161,Cissy Scopyn,Olympia,WA,253-958-8062
162,Chris Crosetto,Madison,WI,608-110-0853
163,Doria Broadwood,Detroit,MI,586-451-6000
164,Leese Sparkwell,New Brunswick,NJ,732-770-9807
165,Levi Bucknill,Fort Worth,TX,682-201-7450
166,Golda Ricci,Port Saint Lucie,FL,772-939-8856
167,Aretha Oglesbee,Spartanburg,SC,864-479-7470
168,Yoshi Nelthorpe,Seattle,WA,360-365-4535
169,Neely Challoner,Charlotte,NC,704-111-4960
170,Moyna Kernes,Washington,DC,202-297-4588
171,Virginia Siebart,Maple Plain,MN,763-591-9746
172,Wilbert Rowbotham,Shawnee Mission,KS,913-828-3348
173,Shandy Hathway,Orlando,FL,407-388-0598
174,Bonnie Sissens,Jamaica,NY,516-548-5038
175,Hi Tissiman,Shreveport,LA,318-756-9621
176,Forbes Stuer,Wichita Falls,TX,940-344-2355
177,Reinold Cridland,Vienna,VA,571-826-2144
178,Rollo Aleevy,Las Vegas,NV,702-648-4650
179,Fern Lambeth,Las Vegas,NV,702-322-4667
180,Matty Barthelemy,Topeka,KS,785-456-5298
181,Shawn Teffrey,Shreveport,LA,318-618-8396
182,Vivien Digg,Austin,TX,512-823-2013
183,Sol Thorndale,Cleveland,OH,216-364-2796
184,Alanah Titcomb,Sacramento,CA,916-427-0073
185,Anastasia Mangon,Englewood,CO,303-583-6775
186,Alfred Picopp,Fort Worth,TX,817-896-6404
187,Barn Spurrier,Bethlehem,PA,610-282-2976
188,Carlye Pfeuffer,Shawnee Mission,KS,913-790-9893
189,Bebe Brotherhead,Oklahoma City,OK,405-694-2686
190,Calhoun Lazer,Kansas City,KS,913-608-4725
191,Hartley Davys,El Paso,TX,915-143-8975
192,Concettina Dungate,Philadelphia,PA,610-988-0951
193,Netty Durran,Los Angeles,CA,213-397-4904
194,Christine Scogin,San Bernardino,CA,909-776-1803
195,Maia Petrolli,Carlsbad,CA,760-266-2016
196,Price Sayle,Abilene,TX,325-578-7934
197,Jess O'Halligan,Houston,TX,281-472-1718
198,Abbye Jimmison,Houston,TX,713-106-2463
199,Helene Duffan,Abilene,TX,325-894-9480
200,Xylia Mustoe,New York City,NY,212-260-2461
201,Jennine Wrettum,Carlsbad,CA,760-687-4062
202,Chelsea O' Flaherty,Hartford,CT,860-550-7652
203,Jemmie Squibbes,Miami Beach,FL,305-793-9860
204,Abeu Reston,Knoxville,TN,865-679-3722
205,Harriet Mixon,Charlotte,NC,704-306-6645
206,Dorothee Simcox,Punta Gorda,FL,941-843-6532
207,Burton Witz,Knoxville,TN,865-419-7752
208,Fowler Ingham,San Luis Obispo,CA,805-566-1143
209,Rozele Dunican,Sacramento,CA,916-804-6888
210,Natty Storcke,New Orleans,LA,504-847-4759
211,Ami Malatalant,Midland,TX,432-214-6159
212,Dara Beinke,Tucson,AZ,520-774-9712
213,Kathlin Feaviour,Nashville,TN,615-229-3409
214,Ivory Aylett,Roanoke,VA,540-584-3183
215,Maude Rapson,San Antonio,TX,830-500-3316
216,Cristine Joplin,Tallahassee,FL,850-686-3951
217,Leontyne Landman,Saint Louis,MO,314-220-2122
218,Kareem Stowgill,Longview,TX,903-170-5648
219,Hunter Loft,Biloxi,MS,228-815-5368
220,Kerstin Gallemore,Birmingham,AL,205-589-9217
221,Gui Bergeau,Milwaukee,WI,414-581-0971
222,Gardner Heeps,Colorado Springs,CO,719-805-6930
223,Lorne Shortland,Albuquerque,NM,505-756-2932
224,Appolonia Leon,Albuquerque,NM,505-572-3703
225,Rosamond Ander,Washington,DC,202-824-7638
226,Jeremy Huster,Lafayette,LA,337-301-7752
227,Frederigo Topley,Tucson,AZ,520-531-5701
228,Alfons Crome,Phoenix,AZ,602-765-4354
229,Carrissa Steventon,Miami,FL,305-479-8832
230,Jo ann Loxston,Young America,MN,952-364-2162
231,Dorita Roden,North Las Vegas,NV,702-100-5202
232,Hillier Blaszkiewicz,Maple Plain,MN,763-740-2858
233,Hyacinthie Leavry,Palmdale,CA,661-447-4642
234,Wilden Hutchison,Oklahoma City,OK,405-815-7271
235,Lina Columbine,North Las Vegas,NV,702-454-6459
236,Gabriell Lehr,Baton Rouge,LA,225-350-4844
237,Ethel McGilben,Salt Lake City,UT,801-575-3668
238,Ermentrude Mordey,Falls Church,VA,571-334-8131
239,Mady Lucey,Mesa,AZ,602-963-7092
240,Rania Halvosen,Bethesda,MD,301-379-2028
241,Fanni Logesdale,Philadelphia,PA,215-123-2156
242,Kerwin Wiltshaw,Saint Cloud,MN,320-373-3129
243,Arley Gussie,Charlotte,NC,704-951-2592
244,Henrietta Episcopio,Chicago,IL,773-307-2714
245,Marielle McLaine,Irvine,CA,949-124-4310
246,Ibbie Gregersen,Clearwater,FL,727-130-3017
247,Eleonora Canape,Chicago,IL,312-325-1686
248,Iorgos Charrisson,Columbia,SC,803-397-0529
249,Dominic Tiplady,Los Angeles,CA,213-679-4084
250,Devan Kemet,Knoxville,TN,865-759-7542
251,Alethea Ely,Saint Petersburg,FL,813-231-7461
252,Rafaela Pantry,Alexandria,LA,318-534-1252
253,Lothaire Gaspero,Littleton,CO,720-752-1401
254,Korney Saiz,Cincinnati,OH,513-183-1504
255,Sigmund Watford,Beaumont,TX,409-641-1625
256,Winslow Hanrahan,Springfield,MA,413-634-3756
257,Karissa Jacop,Houston,TX,832-718-3017
258,Harrie Elletson,Fresno,CA,559-551-8126
259,Dulsea McCollum,Buffalo,NY,716-191-9480
260,Dara Hambelton,Fresno,CA,559-389-2973
261,Roxie Tourville,Kansas City,MO,816-786-5226
262,Tara Larcier,Saint Augustine,FL,904-646-4864
263,Judye Grundwater,Helena,MT,406-294-5744
264,Paddy Basnett,Charleston,WV,304-253-0324
265,Dorthy Tracy,Fort Wayne,IN,260-154-2846
266,Lorne Goodinson,Saint Louis,MO,314-950-5545
267,Vinni Lafont,Berkeley,CA,510-824-2708
268,Nessie Willoughley,Birmingham,AL,205-633-7205
269,Mannie Gandy,Kansas City,MO,816-157-0270
270,Alecia Sebrens,Orlando,FL,407-229-0970
271,Clark Chesson,New Haven,CT,203-838-1048
272,Renault Hasnip,New Haven,CT,203-273-5536
273,Barrett Witul,Lafayette,IN,765-330-2319
274,Andreana Musprat,Carol Stream,IL,309-304-4964
275,Benn Jenson,Corona,CA,626-792-5956
276,Cherida Martinovic,Portland,OR,971-755-8192
277,Paule Brazier,Orlando,FL,407-138-5389
278,Jami Verbrugghen,Miami,FL,786-265-3957
279,Kessia Kaliszewski,Fort Worth,TX,817-911-8594
280,Garwood Coghlin,Terre Haute,IN,812-823-1895
281,Siegfried Longrigg,Van Nuys,CA,213-239-8133
282,Amalita Wasielewski,Pompano Beach,FL,954-579-7633
283,Betsy McMonnies,College Station,TX,979-489-6326
284,Enrichetta Longbottom,Lincoln,NE,402-667-5634
285,Sauncho Lenoir,Indianapolis,IN,317-913-0107
286,Pancho Howsden,Cincinnati,OH,513-172-4043
287,Madelaine Lafontaine,Sioux Falls,SD,605-433-8991
288,Angelica Beazleigh,Lincoln,NE,402-612-6406
289,Sibbie Gregorio,Nashville,TN,615-745-2607
290,Juliane Parmby,Miami,FL,786-525-7178
291,Inge Gorstidge,Wilkes Barre,PA,570-237-4087
292,Marcello Thurston,Phoenix,AZ,602-693-1488
293,Carter Abbiss,Saint Louis,MO,314-566-6630
294,Alecia Eames,Amarillo,TX,806-421-2247
295,Rey Lyven,Minneapolis,MN,952-519-0603
296,Graig Crebo,Miami,FL,305-890-9515
297,Stefan Bastistini,Minneapolis,MN,612-155-2172
298,Elfrieda Cradick,Montgomery,AL,334-859-5694
299,Eddy Mulqueeny,San Jose,CA,408-301-4365
300,Robenia Kingwell,Tampa,FL,813-433-7256
301,Marcos Parlett,Shreveport,LA,318-681-4025
302,Kathi Pye,Birmingham,AL,205-425-1620
303,Keven Cunniam,Salt Lake City,UT,801-134-6834
304,Brana Labuschagne,North Las Vegas,NV,702-650-0823
305,Thorstein Willoughley,Amarillo,TX,806-734-4598
306,Marmaduke Bramwich,Baltimore,MD,410-617-1680
307,Shayne Hewes,Norfolk,VA,757-241-0318
308,Simone Weldrick,Jackson,MS,601-627-7347
309,Blaire Gillcrist,Irvine,CA,949-592-4975
310,Bliss Oakley,Washington,DC,202-301-6754
311,Ossie Chitty,Chicago,IL,312-606-6186
312,Benyamin Biever,Anderson,IN,765-772-3588
313,Fernando Hughs,Mobile,AL,251-790-3233
314,Maribeth Zanneli,Wilmington,DE,302-430-7649
315,Andre Emanuele,Sandy,UT,801-863-4151
316,Karita Emerine,Albuquerque,NM,505-344-8872
317,Stevy Croutear,Staten Island,NY,718-285-5230
318,Darell Kettow,Tucson,AZ,520-494-7576
319,Nalani Folger,Colorado Springs,CO,719-844-3195
320,Antoine Dodridge,Spokane,WA,509-229-5296
321,Bernice Balk,New York City,NY,212-988-2273
322,Cordula Sydall,Charlotte,NC,704-160-6562
323,Lucas Lovemore,Pittsburgh,PA,412-575-7279
324,Sherwin Leeson,San Francisco,CA,415-973-1836
325,Chiquita Stapylton,Mountain View,CA,650-628-7513
326,Oren Samper,Dayton,OH,937-783-4948
327,Bill Pritchard,Dulles,VA,571-622-6504
328,Ilene Emanuelov,Midland,MI,989-227-7727
329,Carter Postlewhite,Mesa,AZ,602-723-0290
330,Luciano Kernar,Montgomery,AL,334-174-7627
331,Goddard Dahl,Jacksonville,FL,904-306-9145
332,Kamila Silkstone,Louisville,KY,502-492-1339
333,Clemens Sporner,Rochester,MN,507-968-2913
334,Kamilah Evered,Stockton,CA,209-564-2994
335,Alasdair Palphreyman,Anderson,IN,765-670-4832
336,Ealasaid Luety,Waterbury,CT,203-925-3278
337,Amos Sorro,Brooklyn,NY,917-303-7954
338,Rafael Gerold,Terre Haute,IN,812-228-3092
339,Rolph Snuggs,Fort Myers,FL,239-385-0453
340,Korney Robottham,Bridgeport,CT,203-372-2945
341,Abbott Everington,Little Rock,AR,501-113-1582
342,Carlos Colwell,Springfield,VA,571-560-6121
343,Wake Brave,Los Angeles,CA,323-407-0778
344,Sonnnie Loxly,San Diego,CA,619-773-7953
345,Cecilia Towey,San Francisco,CA,415-103-4722
346,Bee Checchetelli,Norfolk,VA,757-804-1053
347,Lonnie Pedlow,Kansas City,MO,816-114-6486
348,Toby Elcott,Lake Worth,FL,561-940-0134
349,Noel Creeboe,Duluth,MN,218-197-8828
350,Harlie Bortolutti,Daytona Beach,FL,386-954-3335
351,Tarrance Adiscot,Amarillo,TX,806-892-4941
352,Rodolph Drynan,Billings,MT,406-536-4746
353,Montague Melpuss,Erie,PA,814-378-2578
354,Susann Lesor,Phoenix,AZ,602-652-5487
355,Rozelle Platts,Corpus Christi,TX,361-714-9209
356,Somerset Aitkin,Columbus,OH,614-962-7856
357,Rafe Causon,Virginia Beach,VA,757-742-4702
358,Reinald D'Ambrosio,Fairbanks,AK,907-637-3257
359,Karylin Liddard,Houston,TX,281-209-7767
360,Kevan Iskov,Austin,TX,512-831-9923
361,Martelle Gaymar,Knoxville,TN,865-800-5536
362,Moss Hans,Austin,TX,512-495-3295
363,Costa Meads,Aurora,CO,303-200-0916
364,Tuck Ovill,Fresno,CA,209-297-5395
365,Marshall Morrall,Rochester,MN,507-525-3149
366,Rikki Hiskey,New Orleans,LA,504-991-3331
367,Artair Grene,Columbia,SC,803-457-3498
368,Sarine Halahan,Denton,TX,817-878-1276
369,Fielding Keat,Bethesda,MD,301-111-9540
370,Valida Backshell,Cleveland,OH,216-497-6436
371,Lacie de Voiels,Bethesda,MD,301-985-3511
372,Gerti Dominguez,Atlanta,GA,404-749-0657
373,Bobette Reye,Washington,DC,202-415-1439
374,Ettie Rhymes,Bakersfield,CA,805-763-4889
375,Richmound Byneth,Richmond,VA,804-679-8490
376,Tuckie Murby,El Paso,TX,915-678-8247
377,Bennett Calan,Charleston,WV,304-379-3297
378,Anne Escritt,Houston,TX,281-851-2051
379,Smitty Naper,Panama City,FL,850-744-1358
380,Wynne Whyberd,Rochester,NY,585-660-1792
381,Veronique Wadworth,Minneapolis,MN,952-140-9030
382,Lethia Stangoe,Las Vegas,NV,702-458-3647
383,Angelique Winnett,Orlando,FL,407-660-3802
384,Rosina Wiggall,Washington,DC,202-167-8764
385,Michaeline Dingate,Columbus,OH,614-560-3797
386,Webb Cogdon,Milwaukee,WI,414-920-2017
387,Ali Boyson,Kansas City,MO,816-310-3187
388,Ford Gradly,Cincinnati,OH,513-986-9481
389,Kristine Pavlitschek,South Lake Tahoe,CA,530-985-7146
390,Milena Kristof,Louisville,KY,502-923-8003
391,Lesley Dobrovolski,Denver,CO,719-315-6834
392,Lem Lunnon,Brooklyn,NY,917-682-4328
393,Penny Beale,San Francisco,CA,415-931-7338
394,Kalle Dugget,Richmond,VA,804-119-0885
395,Brandie Cabane,Spokane,WA,509-333-6336
396,Ethelyn Capoun,Sioux City,IA,712-224-4822
397,Sashenka Moland,Columbia,MO,573-340-9518
398,Peterus Keller,Brooklyn,NY,646-819-9030
399,Rayna Tomasicchio,Seattle,WA,360-749-1789
400,Lara Pleace,Hialeah,FL,305-314-2829
401,Sara-ann Crosier,El Paso,TX,915-535-5688
402,Frayda Jirusek,Savannah,GA,912-174-2077
403,Bette McCobb,Santa Ana,CA,213-506-6480
404,Meyer Jordine,Lynn,MA,617-802-0579
405,Tandi Dudderidge,Denver,CO,303-455-0884
406,Mirabella Asquith,Greensboro,NC,336-206-3103
407,Devi Longland,Dallas,TX,214-203-4241
408,Crosby Teresa,Dallas,TX,214-757-8187
409,Willard Maudlen,Atlanta,GA,404-617-7983
410,Doug Eat,Wichita Falls,TX,940-231-3483
411,Ange Medcraft,Birmingham,AL,205-228-7895
412,Virgie Blakeborough,Fort Lauderdale,FL,954-837-8262
413,Ginnie Klemenz,Norfolk,VA,757-675-5510
414,Peder Channing,Fort Worth,TX,817-692-5940
415,Anabelle Boneham,Washington,DC,202-513-5454
416,Rosella Warlowe,Huntington,WV,304-142-5900
417,Milli Toquet,Roanoke,VA,540-490-4777
418,Celestine Lambregts,Philadelphia,PA,215-474-7366
419,Harrison Tudball,Asheville,NC,828-589-3355
420,Siobhan Reedy,Charleston,WV,304-275-6571
421,Cy Benoist,Rochester,NY,585-983-8557
422,Bearnard Pethick,Anchorage,AK,907-651-3484
423,Fredrika MacMickan,New Brunswick,NJ,732-215-9134
424,Nady Twohig,Atlanta,GA,678-432-3523
425,Christa De Malchar,Atlanta,GA,770-829-4196
426,Olga Gershom,Abilene,TX,325-337-6061
427,Christiano Sadry,Alhambra,CA,626-707-8019
428,Lexis Storr,Port Saint Lucie,FL,772-106-6044
429,Lorin Dhennin,Greensboro,NC,336-417-8887
430,Godard Waind,San Jose,CA,408-713-2075
431,Sheilakathryn Davids,Charleston,SC,843-802-8903
432,Evita Moreland,Austin,TX,512-473-2542
433,Rhody Blankenship,Hollywood,FL,954-899-6725
434,Gilburt Ramme,San Francisco,CA,415-898-7303
435,Sallee Sprigin,Vero Beach,FL,772-686-9217
436,Shirline Dytham,Saint Petersburg,FL,727-566-9962
437,Hewitt Corter,Lincoln,NE,402-115-1566
438,Gran Gooble,Dayton,OH,937-101-3685
439,Weidar Wilds,Pensacola,FL,850-595-1722
440,Sully Ciccetti,Warren,MI,810-823-8648
441,Tommie Besnard,Roanoke,VA,540-423-0105
442,Dur Woodcroft,Phoenix,AZ,602-840-0644
443,Aleksandr Dyball,Las Cruces,NM,505-337-1072
444,Zeke Randell,Los Angeles,CA,213-148-6359
445,Gregor Chapelhow,Huntington,WV,304-572-0465
446,Catriona Scurr,Dallas,TX,214-230-6600
447,Jacinda Hubberstey,Baltimore,MD,410-436-7120
448,Munroe Retallack,Cincinnati,OH,513-677-5455
449,Alfredo Dicke,Youngstown,OH,330-209-8192
450,Rona Cramp,Buffalo,NY,716-860-4140
451,Markos Kunz,Tacoma,WA,253-772-3151
452,Carce Fowls,Denver,CO,303-368-3125
453,Florentia Cisec,Fort Collins,CO,970-613-2686
454,Ingra Werlock,Baton Rouge,LA,225-290-4584
455,Amanda Parren,Cincinnati,OH,513-934-9994
456,Pavlov Lawn,Pasadena,CA,626-991-8081
457,Dulcia Gookey,Hattiesburg,MS,601-353-9911
458,Chloris Chaman,Cincinnati,OH,513-829-6421
459,Doll Beavan,Harrisburg,PA,717-608-9540
460,Leupold Hayton,Greenville,SC,864-768-0085
461,Boony O'Sherin,Houston,TX,281-693-4568
462,Romola Brixham,Lincoln,NE,402-503-8135
463,Shawn Olek,Saint Louis,MO,314-900-5757
464,Benoit Gyrgorwicx,Sacramento,CA,916-642-7810
465,Constanta Di Biasi,Pasadena,CA,626-599-3650
466,Darrel Letterick,Orlando,FL,321-928-2359
467,Cris Hawksley,Tucson,AZ,520-565-6255
468,Falito Hanrott,Des Moines,IA,515-106-7967
469,Jesse Yerrill,Portland,OR,503-172-0752
470,Chrotoem McCraw,Cleveland,OH,216-415-5777
471,Fay Emnoney,Vancouver,WA,360-338-3333
472,Gaynor Blacklidge,Sarasota,FL,941-984-8624
473,Noelani Burgin,Virginia Beach,VA,757-619-2137
474,Chandra Shillan,Seattle,WA,206-748-1233
475,Elisha Durtnell,Phoenix,AZ,602-728-6335
476,Maure Gritsaev,Newark,NJ,862-306-7713
477,Anabal Perel,South Bend,IN,574-149-7289
478,Winthrop Sainte Paul,New Bedford,MA,508-604-0289
479,Raimundo Arnecke,Monticello,MN,763-124-1929
480,Lucina Tommen,Dallas,TX,469-555-6902
481,Blondelle Patty,Pensacola,FL,850-572-4569
482,Tamas O'Loughane,Charlotte,NC,704-865-0806
483,Ileane McKellen,Hyattsville,MD,301-399-2583
484,Flossi McGarrie,Winston Salem,NC,336-535-4814
485,Legra Birtley,Phoenix,AZ,602-146-7446
486,Emilie Peasgood,Seattle,WA,206-895-7237
487,Parrnell Doody,San Jose,CA,408-633-9745
488,Vernice McGougan,Santa Ana,CA,714-507-8367
489,Deeann Gillham,Saint Louis,MO,636-146-0432
490,Elianora Goodridge,Columbia,SC,803-801-9899
491,Hermie Clail,Sacramento,CA,916-725-7011
492,Alisha Kringe,Pittsburgh,PA,412-800-3889
493,Joli Phayre,Austin,TX,512-964-9886
494,Godwin Frossell,New Haven,CT,203-857-0732
495,Morrie Mickleborough,Charlotte,NC,704-370-6336
496,Parsifal Bertot,Denver,CO,303-965-0180
497,Marabel Boullen,Minneapolis,MN,612-706-1582
498,Tobye Trunchion,Jefferson City,MO,573-611-1755
499,Sheppard Echallie,Evansville,IN,812-118-3117
500,Elbertine Chatin,Houston,TX,281-355-6719
501,Ashton Geertje,San Francisco,CA,415-648-2802
502,Marleen Napoli,Albany,NY,518-377-2632
503,Elfrida Askwith,Wichita,KS,316-241-8359
504,Chelsea Becker,Las Vegas,NV,702-394-7041
505,Darcey Riditch,Dallas,TX,214-354-8640
506,Augustin Tante,Dallas,TX,469-970-0583
507,Ruddy Shayes,Aurora,IL,312-472-8908
508,Jeffy Wailes,New York City,NY,212-926-5269
509,Elwood Howcroft,Chicago,IL,773-870-6775
510,Pearla Pinshon,Huntsville,AL,256-587-4421
511,Emmy Gossipin,Irving,TX,972-481-4092
512,Cindi Quarles,Erie,PA,814-940-4390
513,Ivory Gratrex,Phoenix,AZ,602-210-3425
514,Trixie Boldero,Dayton,OH,937-961-8074
515,Eustace Huish,Los Angeles,CA,213-272-0945
516,Brooke Gilham,Honolulu,HI,808-656-6639
517,Aluino Ilyushkin,Tulsa,OK,918-202-0623
518,Dionysus Eliaz,Houston,TX,713-348-2355
519,Elliott Rattray,Saint Joseph,MO,816-721-3619
520,Edgard Tirte,Cheyenne,WY,307-653-2303
521,Bert Kerwin,El Paso,TX,915-883-6153
522,Dall Haker,Rockford,IL,815-851-2113
523,Esteban Dunbobbin,Grand Rapids,MI,616-405-2901
524,Stearne Chatenier,Houston,TX,713-116-5190
525,Cecelia Whiten,San Antonio,TX,210-315-5023
526,Phaidra Frazer,Houston,TX,713-179-2938
527,Cristin Kochel,El Paso,TX,915-492-6420
528,Annamaria Cremin,East Saint Louis,IL,618-231-5669
529,Kayle Este,Des Moines,IA,515-168-6569
530,Gustave Farmery,Las Vegas,NV,702-234-3530
531,Tann Cherm,Gainesville,GA,678-473-7832
532,Sherlocke Rauprich,Santa Monica,CA,310-478-0297
533,Jermain Feares,Lexington,KY,859-402-4979
534,Jimmie Boatright,Abilene,TX,325-166-9065
535,Norris Marlor,Orange,CA,760-529-5069
536,Rice Lyddy,Reading,PA,610-406-0853
537,Meade Gabe,Reno,NV,775-651-5767
538,Addison Tremontana,South Bend,IN,574-154-3822
539,Peggy Yuryaev,West Hartford,CT,860-102-9761
540,Kristina Gniewosz,Lincoln,NE,402-230-7703
541,Richard McArdle,Lehigh Acres,FL,863-571-0972
542,Justus Grainge,Jacksonville,FL,904-383-0162
543,Tremayne Greenwell,Fort Lauderdale,FL,754-779-2954
544,Sheryl Mosten,Hayward,CA,415-306-1750
545,Barret Beccera,Chicago,IL,773-494-3084
546,Scotty Lappin,El Paso,TX,915-290-7791
547,Alexis Bielby,Beaumont,TX,409-404-4244
548,Maison Cristoferi,Saint Paul,MN,651-976-0639
549,Christian Ferson,Lake Worth,FL,561-764-6830
550,Conchita Pallesen,Cedar Rapids,IA,319-462-0038
551,Dalenna Vooght,Vancouver,WA,360-285-1379
552,Rafferty Claworth,San Diego,CA,619-902-3543
553,Suzann Leppard,Fort Lauderdale,FL,954-431-5903
554,Raddie Schieferstein,Ocala,FL,352-840-3832
555,Theda Scandrite,Waco,TX,254-312-0409
556,Basil Bollin,Terre Haute,IN,812-283-3439
557,Vitia Izakof,Richmond,VA,804-920-3699
558,Leicester Ruppertz,Pittsburgh,PA,412-796-6539
559,Pepillo Giotto,Grand Junction,CO,970-838-3486
560,Eb Hubane,Peoria,IL,309-526-3172
561,Fleurette Cossans,Santa Clara,CA,831-945-3360
562,Allayne Berriball,Asheville,NC,828-152-9994
563,Grethel Boydell,Wichita Falls,TX,940-239-2570
564,Lonee Hargraves,Springfield,IL,217-469-4992
565,Norrie Willoughway,Fort Wayne,IN,260-199-3267
566,Lynnet Lohering,Boise,ID,208-531-2434
567,Margit Casburn,Austin,TX,512-473-4886
568,Joannes Williment,Dayton,OH,937-337-1392
569,Byrle Lockey,Buffalo,NY,716-447-9105
570,Marigold Robillart,Kent,WA,206-271-4617
571,Webb Maffin,Port Washington,NY,516-556-1819
572,Sallyanne Crunden,Erie,PA,814-621-0691
573,Jo Roswarn,San Antonio,TX,210-898-6231
574,Rufe Wolfenden,Gaithersburg,MD,240-982-6993
575,Sampson Lefley,Newark,DE,302-907-3697
576,Paula Rainforth,Denver,CO,303-263-6236
577,Hiram Sey,Richmond,VA,804-980-4061
578,Peta Zorzi,Fort Myers,FL,239-782-9650
579,Chandler McAllaster,Oklahoma City,OK,405-885-9114
580,Latia Overlow,Oklahoma City,OK,405-935-0347
581,Josias Haddick,Memphis,TN,901-984-6873
582,Dillie Cayser,Boise,ID,208-539-7735
583,Tudor Gallaway,Shreveport,LA,318-468-5792
584,Grange Sollam,Gatesville,TX,254-282-4355
585,Trumaine Currao,Buffalo,NY,716-214-4513
586,Sondra Hoyt,Saint Louis,MO,314-271-9349
587,Cosetta Selborne,Washington,DC,202-890-5724
588,Greer MacSkeagan,Oakland,CA,510-164-7763
589,Natka Eccleston,Schaumburg,IL,630-921-9074
590,Brandea Yeldham,Fairfax,VA,571-951-0631
591,Halsy Union,Bronx,NY,917-100-0615
592,Rea Larkings,Oxnard,CA,805-880-4065
593,Krystle McGiff,Boston,MA,617-668-8342
594,Dotti Meffin,San Francisco,CA,415-482-7140
595,Casie Buterton,Terre Haute,IN,812-541-4761
596,Hillie Chaney,Portland,OR,971-715-7110
597,Kassie Gianettini,Washington,DC,202-536-5357
598,Ad Brouncker,Las Vegas,NV,702-742-1540
599,Joelly McAteer,Topeka,KS,785-883-4206
600,Luella Rany,Billings,MT,406-170-7938
601,Ives Salvidge,Scottsdale,AZ,480-946-7271
602,Merell Samwaye,Atlanta,GA,678-738-7245
603,Mike Abramamov,Milwaukee,WI,414-995-4398
604,Manda Peltzer,Jamaica,NY,718-677-2435
605,Cathleen Carl,Dallas,TX,972-886-5247
606,Sergio Ellams,Saint Paul,MN,952-640-6458
607,Nadeen Abbay,Las Vegas,NV,702-299-3564
608,Othilie Guisler,Washington,DC,202-963-0822
609,Brett Safhill,Garden Grove,CA,310-349-9508
610,Kingsley Banaszkiewicz,Riverside,CA,951-636-9782
611,Aristotle Geillier,Philadelphia,PA,215-643-0252
612,Carmella Maggs,Knoxville,TN,865-749-2028
613,Timmie Alwin,Brooksville,FL,352-344-4600
614,Josey Zannolli,San Francisco,CA,415-585-9100
615,Crichton Chapling,Fresno,CA,559-651-9067
616,Robbyn Martine,Memphis,TN,901-340-3798
617,Sabra Jakaway,Largo,FL,727-832-1656
618,Lanette Windross,Hot Springs National Park,AR,501-838-5321
619,Alex Mauro,Wichita,KS,316-812-6582
620,Cello Illingsworth,Albany,NY,518-115-9559
621,Berri Wickardt,Atlanta,GA,678-741-9189
622,Mirella Nevinson,Philadelphia,PA,215-615-6014
623,Crin Panswick,Shawnee Mission,KS,816-783-2350
624,Osbourne MacHostie,Hamilton,OH,937-831-8242
625,Alfie Kobierski,New Orleans,LA,504-622-9985
626,Byrann Dain,Torrance,CA,818-881-8326
627,Fayette Ridolfi,Richmond,VA,804-370-0659
628,Mair Plaistowe,Houston,TX,832-985-2677
629,Hunter Hizir,Dallas,TX,972-226-5430
630,Gary Lafond,Scottsdale,AZ,480-613-5806
631,Bradford Fretson,Lehigh Acres,FL,239-566-0301
632,Gavan Towl,Philadelphia,PA,215-916-8985
633,Neill Killigrew,Levittown,PA,267-419-8593
634,Marget Guidoni,Green Bay,WI,920-175-2806
635,Jana Sullivan,Denver,CO,303-900-3504
636,Tommy Slatten,Seattle,WA,425-710-3429
637,Dennie Jagiela,Raleigh,NC,919-874-6599
638,Alysa Limbrick,Springfield,OH,937-928-7741
639,Creigh Chalkly,Columbus,OH,614-528-3540
640,Dominga Caccavella,Reno,NV,775-324-1722
641,Dare Woollard,Springfield,IL,217-344-8654
642,Fletch Nixon,Dallas,TX,214-367-7315
643,Esmaria Scoterbosh,Beaverton,OR,503-396-2516
644,Meir Pistol,Milwaukee,WI,414-365-9141
645,Susy Derle,Sunnyvale,CA,408-553-0187
646,Rochester Spelman,Jackson,TN,731-800-5903
647,Darleen Jeaffreson,Edmond,OK,405-372-5240
648,Jane Andrioletti,Washington,DC,703-990-3122
649,Blakeley Dannohl,Nashville,TN,615-311-3028
650,Benedetto Ummfrey,Boston,MA,978-962-7987
651,Hedwig Scotchford,El Paso,TX,915-299-7234
652,Kristofor Geddis,New Orleans,LA,504-137-7556
653,Mina Winspar,Irvine,CA,714-743-4492
654,Dukie Haynes,Albuquerque,NM,505-129-1851
655,Randie Maylin,Philadelphia,PA,267-358-2281
656,Robinson Juden,Pompano Beach,FL,754-690-9777
657,Hermia Dimont,Corpus Christi,TX,361-910-1534
658,Billy Lamdin,Marietta,GA,404-814-1626
659,Kevina Pavlitschek,New York City,NY,212-620-7735
660,Bren Pointon,Longview,TX,903-845-0249
661,Domini Souness,San Diego,CA,858-451-2168
662,Barnett Dallimore,Lubbock,TX,806-849-2009
663,Freddie Silvers,Morgantown,WV,304-699-5566
664,Murvyn Blackley,Dallas,TX,214-719-8460
665,Thaine Arnaud,Carson City,NV,775-302-1983
666,Westley Rivalant,Fredericksburg,VA,540-477-9137
667,Birgit Bischoff,Wilkes Barre,PA,570-651-9686
668,Val MacKintosh,Minneapolis,MN,612-528-2163
669,Martynne Briggs,Columbus,OH,614-179-7091
670,Pavlov Garfoot,Decatur,GA,404-765-8814
671,Carlee Scroggs,Reno,NV,775-520-2898
672,Rosette Skirving,El Paso,TX,915-885-3699
673,Packston Gunda,Detroit,MI,313-176-5722
674,Powell Sartin,San Diego,CA,619-931-5791
675,Loni Hattam,Pasadena,CA,626-918-4542
676,Arlene Tumber,San Francisco,CA,415-662-6641
677,Monika Wrankmore,Mobile,AL,251-248-2061
678,Torrey Righy,El Paso,TX,915-751-6795
679,Yuri Caulkett,Sacramento,CA,510-926-8267
680,Juliette Dello,Bethlehem,PA,610-530-6545
681,Averil Newitt,Fort Lauderdale,FL,954-768-8888
682,Glenn Smyth,Philadelphia,PA,610-950-9710
683,Georgianne Etienne,Chicago,IL,312-100-6763
684,Aguie Dominguez,Seattle,WA,206-788-8265
685,Lynea Shadrack,Raleigh,NC,919-954-8726
686,Elfreda Davitt,South Lake Tahoe,CA,530-443-6435
687,Wayland Elleray,Olympia,WA,360-276-4671
688,Dawn Facer,Louisville,KY,502-881-4731
689,Pacorro Everitt,El Paso,TX,915-698-7897
690,Cinnamon Curm,Washington,DC,202-805-3630
691,Ursulina Costy,Sacramento,CA,916-146-2301
692,Adelheid Daskiewicz,Indianapolis,IN,317-110-6247
693,Analise Marjot,Winter Haven,FL,407-763-4551
694,Doll Scole,Anchorage,AK,907-543-4308
695,Cassandra Beggi,Buffalo,NY,716-946-0297
696,Tiffi Moniker,Boston,MA,978-415-4408
697,Ryley Grigoire,Southfield,MI,313-389-2804
698,Eulalie Quiddington,North Little Rock,AR,501-562-8916
699,Leslie Bouldstridge,New York City,NY,917-335-6101
700,Tamiko Toor,San Antonio,TX,210-423-2678
701,Cassie Bunworth,Kansas City,MO,816-604-6031
702,Raquela Sinden,Dayton,OH,937-413-6152
703,Denise Wathey,Laredo,TX,956-324-6375
704,Donelle Algeo,Birmingham,AL,205-522-6249
705,Gail McGrill,San Jose,CA,408-562-3796
706,Jyoti Seawright,Kansas City,KS,913-243-4847
707,Austin Cranch,Pensacola,FL,850-822-2163
708,Aksel Haithwaite,Vero Beach,FL,772-992-3044
709,Rebe Boorn,North Little Rock,AR,501-334-4012
710,Coriss Garmans,Montgomery,AL,334-535-8188
711,Benji Weich,Allentown,PA,610-361-5109
712,Hamnet Aloshkin,South Lake Tahoe,CA,530-404-9804
713,Jorry Caddan,Cincinnati,OH,513-860-5486
714,Hanan Strick,Pittsburgh,PA,412-542-1212
715,Kinny de Almeida,Fort Worth,TX,682-784-0037
716,Renelle Daingerfield,Houston,TX,281-823-8507
717,Jehanna Petel,Round Rock,TX,512-879-0369
718,Kathrine Fraschini,Seattle,WA,425-415-1142
719,Garald Baptiste,Phoenix,AZ,602-409-9835
720,Ninon Elmhirst,Reading,PA,610-930-1012
721,Timothea Gurton,Shawnee Mission,KS,913-117-3067
722,Trisha Spinks,Saint Petersburg,FL,727-748-6658
723,Feodora Jandourek,Des Moines,IA,515-373-4805
724,Brinn Clymo,Philadelphia,PA,215-376-9254
725,Abigael Kleingrub,Columbus,OH,614-994-8100
726,Svend Stork,Charlotte,NC,704-966-5370
727,Baird Darycott,Brooksville,FL,352-729-3475
728,Codie McGavin,Torrance,CA,818-407-5917
729,Wrennie Tosdevin,New York City,NY,646-515-7697
730,Russ Romke,Salem,OR,971-852-2383
731,Ainsley Cherrington,Las Vegas,NV,702-443-3378
732,Celinda Ralston,Newport News,VA,757-417-2231
733,Drucie Fandrey,Tallahassee,FL,850-106-8928
734,Zara MacQuarrie,Bismarck,ND,701-279-9275
735,Arman Pennone,Indianapolis,IN,317-112-0991
736,Pamelina Gianiello,Staten Island,NY,718-977-7134
737,Dasya Broadbury,New York City,NY,212-202-4206
738,Emmi Otterwell,Atlanta,GA,404-921-6809
739,Ariana Coldwell,Fort Worth,TX,817-183-5324
740,Idell Washtell,Omaha,NE,402-225-7699
741,Regan Jzhakov,San Diego,CA,619-441-9072
742,Judye Longshaw,Escondido,CA,760-280-3405
743,Alverta Waiton,Bowie,MD,240-355-2037
744,Auria McKeag,Evansville,IN,812-543-0860
745,Biddy Adaway,Austin,TX,512-989-0608
746,Krisha Peyntue,Detroit,MI,313-477-1201
747,Dillie Capeloff,Houston,TX,713-729-9648
748,Doralin Sabattier,Shawnee Mission,KS,913-359-8525
749,Samson Cobson,Sioux Falls,SD,605-384-6096
750,Marget Josse,Roanoke,VA,540-835-3309
751,Flo McCrone,Virginia Beach,VA,757-771-2319
752,Antonius Plows,Newark,DE,302-564-6350
753,Gearard Tebbut,Naples,FL,941-199-6766
754,Tito Gater,Omaha,NE,402-815-3940
755,Tana Leisk,Boston,MA,617-954-5750
756,Torry Davidwitz,Fort Myers,FL,239-591-6611
757,Turner Howgego,Miami,FL,786-411-2458
758,Deonne Bissill,Little Rock,AR,501-809-5691
759,Elyn Perllman,Atlanta,GA,404-648-0656
760,Maria Leither,Green Bay,WI,920-857-3188
761,Kimbell Kennerknecht,New York City,NY,212-308-4565
762,Marlow Peck,Los Angeles,CA,213-606-1673
763,Ginelle Scirman,Norfolk,VA,757-406-5186
764,Warren Mapowder,Norman,OK,405-296-9943
765,Ramon Brunnen,Philadelphia,PA,215-664-7153
766,Charmine Redmain,Long Beach,CA,562-589-9029
767,Rivy Autrie,Gary,IN,219-107-4560
768,Denys Snaddon,Austin,TX,512-323-0798
769,Ellery Joanaud,Dallas,TX,214-138-4206
770,Evin Popelay,Chicago,IL,312-216-6990
771,Marylin Moodie,Omaha,NE,402-633-2283
772,Pate Fissenden,Huntington,WV,304-111-6455
773,Rosette Clere,Peoria,IL,309-763-8142
774,Stacie Kasper,Glendale,CA,818-376-1990
775,Alva Junes,Boston,MA,617-421-5272
776,Kevon Burnsell,Boston,MA,781-489-3791
777,Alphonso Gaskall,Sparks,NV,775-329-2357
778,Eugene Tie,Wilmington,NC,910-597-4003
779,Sayers Box,Corpus Christi,TX,361-954-5743
780,Emera Crimmins,Levittown,PA,267-389-2182
781,Layton Raithbie,San Francisco,CA,415-596-1323
782,Corrianne Jakubovsky,Hampton,VA,757-632-0624
783,Kris Velez,El Paso,TX,915-825-7201
784,Felipa Klimontovich,Houston,TX,713-907-9824
785,Wynn Pheazey,San Bernardino,CA,909-631-6323
786,Jonathon Whittle,Washington,DC,202-462-7650
787,Osgood Carlsen,Philadelphia,PA,215-397-6863
788,Menard Paulsen,Fort Wayne,IN,260-649-0225
789,Diane Iacovini,Sacramento,CA,916-870-9709
790,Bob Varren,Birmingham,AL,205-412-4463
791,Waylin Leuty,South Lake Tahoe,CA,530-256-3967
792,Faulkner Holton,Birmingham,AL,205-987-3610
793,Elyn Spilsburie,Jacksonville,FL,904-217-8679
794,Crissy Skaid,Sacramento,CA,510-991-8176
795,Anthony Tabbernor,Denver,CO,303-409-6572
796,Gleda Okenfold,Jeffersonville,IN,812-586-0915
797,Sloane Crossgrove,Fresno,CA,559-661-4737
798,Margette Kayzer,Atlanta,GA,404-916-9462
799,Chrysa Outridge,Atlanta,GA,404-384-8114
800,Philly Dashper,Honolulu,HI,808-265-3887
801,Shelba Tremain,Lansing,MI,517-693-9682
802,Lesli Charrington,Boston,MA,781-315-7284
803,Shelby Margett,Dallas,TX,214-830-4109
804,Zachariah Peegrem,Atlanta,GA,404-271-2293
805,Zita Moretto,San Mateo,CA,805-898-8119
806,Andros Skewes,Charlotte,NC,704-874-8232
807,Annabal Lionel,Jacksonville,FL,904-459-4738
808,Joceline Rickwood,Irving,TX,972-814-8766
809,Wesley Tollow,Dallas,TX,214-972-2335
810,Adria Loynton,Columbus,GA,706-981-4391
811,Ezechiel Bowller,Macon,GA,478-129-8211
812,Elvira Coleborn,Birmingham,AL,205-136-5771
813,Yoshiko Bursnoll,Seattle,WA,206-882-6345
814,Stephenie Coulston,Mobile,AL,251-938-8560
815,Corrina Calloway,Tucson,AZ,520-685-1189
816,Stanton Sibyllina,Pensacola,FL,850-859-3159
817,Salmon Nobes,Littleton,CO,303-772-8675
818,Flor Vettore,Dallas,TX,214-650-6367
819,Molly Pembry,Peoria,IL,309-607-8757
820,Tina Fennelly,Pittsburgh,PA,412-527-8069
821,Dinnie Glasbey,Richmond,VA,804-909-2031
822,Trueman Presser,Oklahoma City,OK,405-400-5793
823,Upton Maggill'Andreis,Bethlehem,PA,267-655-1048
824,Ethelda Brandham,Stockton,CA,209-680-9227
825,Chiquia Lowndes,Shawnee Mission,KS,816-533-8859
826,Nina Grason,Philadelphia,PA,215-302-8102
827,Jeralee Eddleston,Chula Vista,CA,619-670-4007
828,Kyrstin Sprules,Phoenix,AZ,602-115-3093
829,Hernando Brosel,Tampa,FL,813-194-4213
830,Inglis Alejandro,Brooklyn,NY,212-843-4639
831,Yevette Thomsen,Marietta,GA,678-351-6664
832,Lauralee Dahlberg,Sacramento,CA,530-964-4323
833,Bernice Lalonde,Dallas,TX,214-506-2212
834,Nicolais Pittway,Springfield,IL,217-851-0786
835,Verine Grolle,Houston,TX,713-265-2106
836,Cherilyn Dmiterko,Gulfport,MS,228-277-1618
837,Pammie Crawley,Louisville,KY,502-781-0428
838,Carling Aleshintsev,Fort Lauderdale,FL,754-424-8331
839,Carolee Ricket,Alpharetta,GA,404-653-1789
840,Addy Lowle,Sioux Falls,SD,605-187-1048
841,Margaretta Nevill,San Mateo,CA,805-160-1730
842,Jeannette Terbeck,Sacramento,CA,916-540-1550
843,Baxie Shearmer,Valley Forge,PA,484-303-2397
844,King Drioli,Sacramento,CA,916-746-6821
845,Yancey Wharby,Sarasota,FL,941-857-7276
846,Vanda Hellcat,Dayton,OH,937-707-5625
847,Scarlet Creddon,Knoxville,TN,865-657-8333
848,Rayner Cromblehome,Knoxville,TN,865-925-3055
849,Karlene Charer,Topeka,KS,785-370-9187
850,Florida d'Arcy,Danbury,CT,203-943-2110
851,Natale Mateo,Schaumburg,IL,630-570-0016
852,Corissa Scough,Jamaica,NY,212-284-2980
853,Berton Ruperto,Orlando,FL,407-124-7281
854,Hettie Gotts,Glendale,CA,818-908-3709
855,Darn Bolderoe,Ocala,FL,352-488-8087
856,Thaine Testin,Dallas,TX,214-563-9501
857,Urbano Yukhin,Anaheim,CA,714-630-1814
858,Eulalie Lowthian,Colorado Springs,CO,719-229-3463
859,Giorgio Taynton,San Jose,CA,408-150-5201
860,Junette O'Hearn,Birmingham,AL,205-633-9739
861,Percy Rowena,Canton,OH,330-214-4633
862,Graeme Barkley,Mesa,AZ,480-863-0377
863,Nikita Hurne,San Bernardino,CA,909-560-4565
864,Keene Creber,Greensboro,NC,336-167-0144
865,Rodrigo Ridulfo,Saint Louis,MO,314-309-2889
866,Kary Mathews,Pittsburgh,PA,412-126-0564
867,Cathleen Dixcey,Amarillo,TX,806-863-3955
868,Tamarra Biddwell,San Luis Obispo,CA,805-311-3557
869,Jerri Rump,Houston,TX,713-840-0747
870,Theodosia Baldazzi,Harrisburg,PA,717-862-8737
871,Fayette Wolton,Jacksonville,FL,904-264-4523
872,Monroe Dumphries,Stamford,CT,203-270-3959
873,Seymour Rhodes,Sunnyvale,CA,650-426-2494
874,Jean Meneur,Muskegon,MI,231-874-9018
875,Bobbi Peer,Saint Paul,MN,651-376-0929
876,Ceil Hemshall,Phoenix,AZ,928-831-3785
877,Andrea Shay,Albany,NY,518-906-7820
878,Aldrich Tunnick,Annapolis,MD,410-216-8780
879,Joachim Huntriss,Danbury,CT,203-433-4245
880,Carmelle Rooney,Buffalo,NY,716-920-0908
881,Laure Sallenger,San Diego,CA,858-101-3933
882,Esme Haggeth,West Palm Beach,FL,561-705-4150
883,Loy Champniss,Sparks,NV,775-948-0701
884,Urban Stonhouse,Washington,DC,202-720-2647
885,Ethelred Duffield,Seattle,WA,206-485-2955
886,Emmerich Aucoate,Bloomington,IL,309-491-2647
887,Celene Tumasian,Miami,FL,786-411-9639
888,Amil Load,Saginaw,MI,989-995-0589
889,Valera Gartery,Monroe,LA,318-843-1051
890,Phylis Warsap,Memphis,TN,901-876-1576
891,Brittan Grishmanov,Peoria,IL,309-713-0488
892,Stacie Edwins,Waterbury,CT,203-912-0767
893,Dicky Daniells,Des Moines,IA,515-335-3698
894,Amitie Learmonth,Las Cruces,NM,505-396-7483
895,Ivan Howorth,Tallahassee,FL,850-253-8481
896,Bayard Sylvaine,New York City,NY,718-991-4430
897,Marven Cosans,Omaha,NE,402-788-6313
898,Abdul Stutte,Odessa,TX,432-834-6959
899,Michael Belliard,Milwaukee,WI,414-463-5379
900,Lynne Woodford,Houston,TX,713-926-7574
901,Stacee Madgwich,Fresno,CA,209-603-6907
902,Petr Dowling,Daytona Beach,FL,386-337-3274
903,Ryley Boulden,Syracuse,NY,315-610-1153
904,Sophie Casaccio,Fort Wayne,IN,260-761-6354
905,Willette McGrirl,North Las Vegas,NV,702-119-0132
906,Don Yair,Sacramento,CA,916-319-9695
907,Stephani Laneham,Madison,WI,608-755-4839
908,Diarmid Scardifield,Tampa,FL,813-457-6672
909,Zora Colston,Warren,OH,330-943-3771
910,Bridie Busswell,Naperville,IL,630-644-2608
911,Myca McNalley,Shreveport,LA,318-419-3395
912,Orly O' Loughran,Boston,MA,508-251-3529
913,Tanitansy Whitland,Pittsburgh,PA,412-678-7570
914,Jack Corradetti,Jacksonville,FL,904-758-3647
915,Sharon Simnell,Danbury,CT,203-389-5117
916,Leoline Nicolls,Tempe,AZ,480-656-6897
917,Dinny Tinsley,Springfield,MA,413-884-1347
918,Stacee Mariault,Saint Louis,MO,314-543-8248
919,Coretta Mansour,Portland,OR,971-625-2537
920,Erwin Faragan,Missoula,MT,406-149-0060
921,Miguelita Watterson,West Palm Beach,FL,561-800-6576
922,Sacha Reely,El Paso,TX,915-261-2533
923,Charissa Zannotelli,Louisville,KY,502-226-8132
924,Wes Sandercock,Vero Beach,FL,772-736-0474
925,Tanya Ashbe,Sacramento,CA,916-663-7365
926,Regan Mapes,Seminole,FL,941-842-8675
927,Gayleen Paoletto,Washington,DC,202-736-3261
928,Shay Beams,Amarillo,TX,806-224-2754
929,Diann Pfleger,Albany,NY,518-409-8411
930,Fredi Camerana,Cumming,GA,706-101-7273
931,Brock Kruschev,Cincinnati,OH,513-486-3489
932,Brander Thrower,Stockton,CA,209-732-1523
933,Shirl Torel,Nashville,TN,615-394-9252
934,Freedman Cafferky,Panama City,FL,850-462-8212
935,Lizzie Waby,Tallahassee,FL,850-249-6628
936,Boycie Popple,Baton Rouge,LA,225-432-0047
937,Glendon Whistance,Rochester,NY,585-324-6316
938,Jard Birtwistle,New Brunswick,NJ,732-722-8706
939,Joyce Snelgar,San Jose,CA,408-552-5102
940,Rachel Mellenby,Kansas City,KS,913-221-5758
941,Gustavo Union,Evansville,IN,812-878-2890
942,Karolina Bannister,Reno,NV,775-579-3017
943,Caty Toping,Winston Salem,NC,336-624-5426
944,Rosalinda Foxen,Daytona Beach,FL,386-984-7386
945,Iorgo Gaishson,El Paso,TX,915-795-6279
946,Ursola Cotgrave,Houston,TX,713-236-9017
947,Chucho Macveigh,Greensboro,NC,336-910-5041
948,Lexy Isherwood,Johnson City,TN,423-274-8026
949,Bertie Drewell,South Bend,IN,574-151-7095
950,Meredeth McWaters,Fairbanks,AK,907-793-3375
951,Alejandra Pentland,New Orleans,LA,504-445-8330
952,Brook Wehnerr,Panama City,FL,850-605-2904
953,Uta Barwood,Orlando,FL,407-902-4459
954,Jamil Grzelczyk,Corpus Christi,TX,361-887-5792
955,Osborn Caseborne,Jackson,MS,601-532-4397
956,Zachary Tribell,Albuquerque,NM,505-717-7530
957,Clerissa Laingmaid,Oklahoma City,OK,405-460-3846
958,Dorie Litterick,Los Angeles,CA,310-945-5487
959,Gabie Forth,Terre Haute,IN,812-560-1123
960,Marian Ribeiro,Birmingham,AL,205-887-7721
961,Rosemaria Billiard,Sioux Falls,SD,605-705-5371
962,Toinette Halcro,Dayton,OH,937-947-0540
963,Cliff Heaphy,Dallas,TX,214-199-7336
964,Willetta Mehew,Houston,TX,832-260-6289
965,Gearard Hallock,Albany,NY,518-615-6810
966,Mikey Collens,Allentown,PA,610-749-6937
967,Holly Lovick,Appleton,WI,920-737-7641
968,Inez Conrard,Memphis,TN,901-912-8270
969,Carlota enzley,Fairfield,CT,203-649-7632
970,Pen Iddenden,Amarillo,TX,806-829-8476
971,Berkeley Hentzeler,Miami,FL,786-712-9662
972,Niles Farlamb,Des Moines,IA,515-908-3467
973,Gregor Scampion,Waco,TX,254-804-0737
974,Gard Elliston,Albany,NY,518-909-9302
975,Tommi Ziehms,Dallas,TX,214-381-9960
976,Illa McQuaid,Madison,WI,608-878-6818
977,Ami Attride,Memphis,TN,901-319-4902
978,Ruby Cherry,Phoenix,AZ,602-444-3959
979,Frederic Reinbech,Kansas City,MO,816-858-2551
980,Margarette Brugman,Honolulu,HI,808-474-7718
981,Luella Hudleston,Denver,CO,303-619-2862
982,Creigh Brewett,Colorado Springs,CO,719-908-4431
983,Gottfried Tomaszewski,Baltimore,MD,410-954-5716
984,Rutter Phear,Warren,MI,586-318-3512
985,Tammy Lansdale,Miami,FL,305-212-7674
986,Walsh Kittles,Silver Spring,MD,301-653-7093
987,Hulda Arkley,Columbia,SC,803-132-4187
988,Estevan Burtenshaw,Denver,CO,303-660-6886
989,Tammie Pinkard,San Francisco,CA,415-157-2841
990,Brewster Ketley,Shawnee Mission,KS,913-933-1766
991,Orrin Truswell,Lincoln,NE,402-160-5255
992,Donetta Glanester,Waltham,MA,774-797-5663
993,Morly Rable,Saint Louis,MO,314-278-6316
994,Uriel Little,Little Rock,AR,501-987-2652
995,Galvin Congdon,Roanoke,VA,540-657-9806
996,Martica Stothart,Albany,NY,518-487-0770
997,Sol Giacobo,Wichita,KS,316-689-8283
998,Steffie Cristoforetti,Dallas,TX,214-849-6619
999,Kiley MacGebenay,Saint Louis,MO,314-417-8463
1000,Jolee Blandford,Cleveland,OH,216-620-5583
